{
	"frames": {
		"cube": {
			"w": 14,
			"h": 14
		},
		"cube-idle": {
			"w": 14,
			"h": 14
		},
		"cube-off": {
			"w": 14,
			"h": 14
		},
		"talk-right": {
			"w": 14,
			"h": 14,
			"animation": true
		},
		"talk-left": {
			"w": 14,
			"h": 14,
			"animation": true
		},
		"hop-west": {
			"w": 35,
			"h": 27,
			"anchor": {
				"x": 19,
				"y": 11
			},
			"animation": true
		},
		"hop-north": {
			"w": 35,
			"h": 27,
			"anchor": {
				"x": 2,
				"y": 11
			},
			"animation": true
		},
		"hop-east": {
			"w": 35,
			"h": 25,
			"anchor": {
				"x": 2,
				"y": 2
			},
			"animation": true
		},
		"hop-south": {
			"w": 35,
			"h": 25,
			"anchor": {
				"x": 19,
				"y": 2
			},
			"animation": true
		},
		"brick-edge": {
			"w": 32,
			"h": 16
		},
		"grass-brick": {
			"w": 32,
			"h": 16
		},
		"flowers": {
			"w": 32,
			"h": 16
		},
		"grass": {
			"w": 32,
			"h": 16
		},
		"beacon": {
			"w": 31,
			"h": 56
		}
	},
	"hopUpYOffsets": {
		"frames": [4, 6, 7, 8, 9],
		"values": [-1, -1, -1, -2, -3]
	},
	"hopDownYOffsets": {
		"frames": [4, 5, 6, 7, 8, 9],
		"values": [1, 1, 2, 1, 2, 1]
	},
	"hopZDepthOffsets": {
		"frames": [6, 9],
		"north": [-0.5, -0.5],
		"west": [-0.5, -0.5],
		"south": [0.5, 0.5],
		"east": [0.5, 0.5]
	}
}
